Event Name,Event Date,Event Link
Fusion Forum: Product-Dev-Community Connect,2025-07-19,https://reskilll.com/event/devconnect
How to Pitch Your Hackathon Project,2025-07-13,https://reskilll.com/event/hacklivetv8
API Integration & Real-Time Data Usage,2025-07-12,https://reskilll.com/event/hacklivetv7
"GitHub Copilot Ask/Edit/Agent, Prompt Engg, Vibe Coding, AI Applications",2025-07-12,https://reskilll.com/event/githubcopilothyd
Women in Product India : Product + AI meetup,2025-07-12,https://reskilll.com/event/aimeetupggn
UI/UX for Hackathons - Designing Fast & Smart,2025-07-06,https://reskilll.com/event/hacklivetv6
UX for Bharat Backbone,2025-07-05,https://reskilll.com/event/uxforbharat
Building Your First MVP (No Code + Code),2025-07-05,https://reskilll.com/event/hacklivetv5
Azure Developer Day - Noida,2025-07-05,https://reskilll.com/event/azuredevdaynoida
AI & Entrepreneurship : Building the Future with Innovation,2025-07-04,https://reskilll.com/event/aiandfuture
Intro to MCP,2025-06-30,https://reskilll.com/event/introtomcp
